{
  "changes": {
    "analysis_id": "analysis",
    "mobility_model_input": {
      "grid": {},
      "road_network": {
        "102": {
          "tunnel": true,
          "underground": true
        },
        "1161": {
          "tunnel": true,
          "underground": true
        },
        "1162": {
          "tunnel": true,
          "underground": true
        },
        "1163": {
          "tunnel": true,
          "underground": true
        },
        "1164": {
          "tunnel": true,
          "underground": true
        },
        "1167": {
          "tunnel": true,
          "underground": true
        },
        "1168": {
          "tunnel": true,
          "underground": true
        },
        "1169": {
          "tunnel": true,
          "underground": true
        },
        "1170": {
          "tunnel": true,
          "underground": true
        },
        "1176": {
          "tunnel": true,
          "underground": true
        },
        "1178": {
          "tunnel": true,
          "underground": true
        },
        "1179": {
          "tunnel": true,
          "underground": true
        },
        "1180": {
          "tunnel": true,
          "underground": true
        },
        "1181": {
          "tunnel": true,
          "underground": true
        },
        "1182": {
          "tunnel": true,
          "underground": true
        },
        "1183": {
          "tunnel": true,
          "underground": true
        },
        "1188": {
          "tunnel": true,
          "underground": true
        },
        "1190": {
          "tunnel": true,
          "underground": true
        },
        "1193": {
          "tunnel": true,
          "underground": true
        },
        "1195": {
          "tunnel": true,
          "underground": true
        },
        "1202": {
          "tunnel": true,
          "underground": true
        },
        "1203": {
          "tunnel": true,
          "underground": true
        },
        "1205": {
          "tunnel": true,
          "underground": true
        },
        "121": {
          "tunnel": true,
          "underground": true
        },
        "1212": {
          "tunnel": true,
          "underground": true
        },
        "123": {
          "tunnel": true,
          "underground": true
        },
        "1408": {
          "tunnel": true,
          "underground": true
        },
        "1409": {
          "tunnel": true,
          "underground": true
        },
        "1410": {
          "tunnel": true,
          "underground": true
        },
        "1411": {
          "tunnel": true,
          "underground": true
        },
        "1413": {
          "tunnel": true,
          "underground": true
        },
        "1419": {
          "tunnel": true,
          "underground": true
        },
        "1420": {
          "tunnel": true,
          "underground": true
        },
        "1423": {
          "tunnel": true,
          "underground": true
        },
        "1436": {
          "tunnel": true,
          "underground": true
        },
        "1437": {
          "tunnel": true,
          "underground": true
        },
        "1438": {
          "tunnel": true,
          "underground": true
        },
        "1439": {
          "tunnel": true,
          "underground": true
        },
        "1441": {
          "tunnel": true,
          "underground": true
        },
        "1479": {
          "tunnel": true,
          "underground": true
        },
        "1480": {
          "tunnel": true,
          "underground": true
        },
        "1603": {
          "tunnel": true,
          "underground": true
        },
        "1670": {
          "tunnel": true,
          "underground": true
        },
        "1671": {
          "tunnel": true,
          "underground": true
        },
        "1672": {
          "tunnel": true,
          "underground": true
        },
        "1673": {
          "tunnel": true,
          "underground": true
        },
        "1674": {
          "tunnel": true,
          "underground": true
        },
        "22040": {
          "tunnel": true,
          "underground": true
        },
        "22109": {
          "tunnel": true,
          "underground": true
        },
        "22139": {
          "tunnel": true,
          "underground": true
        },
        "22141": {
          "tunnel": true,
          "underground": true
        },
        "22148": {
          "tunnel": true,
          "underground": true
        },
        "22150": {
          "tunnel": true,
          "underground": true
        },
        "22152": {
          "tunnel": true,
          "underground": true
        },
        "2259": {
          "tunnel": true,
          "underground": true
        },
        "2262": {
          "tunnel": true,
          "underground": true
        },
        "23034": {
          "tunnel": true,
          "underground": true
        },
        "2305": {
          "tunnel": true,
          "underground": true
        },
        "23076": {
          "tunnel": true,
          "underground": true
        },
        "23111": {
          "tunnel": true,
          "underground": true
        },
        "23115": {
          "tunnel": true,
          "underground": true
        },
        "23119": {
          "tunnel": true,
          "underground": true
        },
        "2312": {
          "tunnel": true,
          "underground": true
        },
        "23120": {
          "tunnel": true,
          "underground": true
        },
        "23121": {
          "tunnel": true,
          "underground": true
        },
        "23122": {
          "tunnel": true,
          "underground": true
        },
        "23125": {
          "tunnel": true,
          "underground": true
        },
        "23126": {
          "tunnel": true,
          "underground": true
        },
        "23127": {
          "tunnel": true,
          "underground": true
        },
        "23128": {
          "tunnel": true,
          "underground": true
        },
        "23129": {
          "tunnel": true,
          "underground": true
        },
        "2313": {
          "tunnel": true,
          "underground": true
        },
        "23130": {
          "tunnel": true,
          "underground": true
        },
        "23132": {
          "tunnel": true,
          "underground": true
        },
        "23133": {
          "tunnel": true,
          "underground": true
        },
        "23135": {
          "tunnel": true,
          "underground": true
        },
        "2321": {
          "tunnel": true,
          "underground": true
        },
        "2323": {
          "tunnel": true,
          "underground": true
        },
        "2327": {
          "tunnel": true,
          "underground": true
        },
        "23356": {
          "tunnel": true,
          "underground": true
        },
        "23358": {
          "tunnel": true,
          "underground": true
        },
        "23359": {
          "tunnel": true,
          "underground": true
        },
        "23360": {
          "tunnel": true,
          "underground": true
        },
        "23365": {
          "tunnel": true,
          "underground": true
        },
        "23366": {
          "tunnel": true,
          "underground": true
        },
        "23379": {
          "tunnel": true,
          "underground": true
        },
        "23415": {
          "tunnel": true,
          "underground": true
        },
        "23418": {
          "tunnel": true,
          "underground": true
        },
        "2345": {
          "tunnel": true,
          "underground": true
        },
        "2388": {
          "tunnel": true,
          "underground": true
        },
        "25517": {
          "tunnel": true,
          "underground": true
        },
        "25518": {
          "tunnel": true,
          "underground": true
        },
        "25711": {
          "tunnel": true,
          "underground": true
        },
        "25712": {
          "tunnel": true,
          "underground": true
        },
        "25723": {
          "tunnel": true,
          "underground": true
        },
        "25724": {
          "tunnel": true,
          "underground": true
        },
        "25727": {
          "tunnel": true,
          "underground": true
        },
        "25728": {
          "tunnel": true,
          "underground": true
        },
        "25730": {
          "tunnel": true,
          "underground": true
        },
        "27288": {
          "tunnel": true,
          "underground": true
        },
        "27289": {
          "tunnel": true,
          "underground": true
        },
        "27290": {
          "tunnel": true,
          "underground": true
        },
        "27294": {
          "tunnel": true,
          "underground": true
        },
        "27296": {
          "tunnel": true,
          "underground": true
        },
        "27742": {
          "tunnel": true,
          "underground": true
        },
        "27744": {
          "tunnel": true,
          "underground": true
        },
        "27745": {
          "tunnel": true,
          "underground": true
        },
        "27758": {
          "tunnel": true,
          "underground": true
        },
        "27759": {
          "tunnel": true,
          "underground": true
        },
        "27762": {
          "tunnel": true,
          "underground": true
        },
        "27763": {
          "tunnel": true,
          "underground": true
        },
        "27837": {
          "tunnel": true,
          "underground": true
        },
        "27840": {
          "tunnel": true,
          "underground": true
        },
        "27845": {
          "tunnel": true,
          "underground": true
        },
        "27846": {
          "tunnel": true,
          "underground": true
        },
        "27873": {
          "tunnel": true,
          "underground": true
        },
        "27874": {
          "tunnel": true,
          "underground": true
        },
        "27875": {
          "tunnel": true,
          "underground": true
        },
        "27876": {
          "tunnel": true,
          "underground": true
        },
        "27878": {
          "tunnel": true,
          "underground": true
        },
        "27880": {
          "tunnel": true,
          "underground": true
        },
        "27881": {
          "tunnel": true,
          "underground": true
        },
        "27883": {
          "tunnel": true,
          "underground": true
        },
        "27888": {
          "tunnel": true,
          "underground": true
        },
        "27890": {
          "tunnel": true,
          "underground": true
        },
        "27893": {
          "tunnel": true,
          "underground": true
        },
        "27894": {
          "tunnel": true,
          "underground": true
        },
        "27895": {
          "tunnel": true,
          "underground": true
        },
        "27899": {
          "tunnel": true,
          "underground": true
        },
        "27917": {
          "tunnel": true,
          "underground": true
        },
        "27918": {
          "tunnel": true,
          "underground": true
        },
        "27928": {
          "tunnel": true,
          "underground": true
        },
        "27929": {
          "tunnel": true,
          "underground": true
        },
        "27976": {
          "tunnel": true,
          "underground": true
        },
        "27978": {
          "tunnel": true,
          "underground": true
        },
        "27979": {
          "tunnel": true,
          "underground": true
        },
        "27991": {
          "tunnel": true,
          "underground": true
        },
        "27992": {
          "tunnel": true,
          "underground": true
        },
        "27993": {
          "tunnel": true,
          "underground": true
        },
        "27999": {
          "tunnel": true,
          "underground": true
        },
        "28000": {
          "tunnel": true,
          "underground": true
        },
        "28002": {
          "tunnel": true,
          "underground": true
        },
        "28003": {
          "tunnel": true,
          "underground": true
        },
        "28004": {
          "tunnel": true,
          "underground": true
        },
        "28005": {
          "tunnel": true,
          "underground": true
        },
        "28006": {
          "tunnel": true,
          "underground": true
        },
        "28008": {
          "tunnel": true,
          "underground": true
        },
        "28020": {
          "tunnel": true,
          "underground": true
        },
        "28021": {
          "tunnel": true,
          "underground": true
        },
        "28024": {
          "tunnel": true,
          "underground": true
        },
        "28026": {
          "tunnel": true,
          "underground": true
        },
        "28027": {
          "tunnel": true,
          "underground": true
        },
        "283": {
          "tunnel": true,
          "underground": true
        },
        "284": {
          "tunnel": true,
          "underground": true
        },
        "28508": {
          "tunnel": true,
          "underground": true
        },
        "28509": {
          "tunnel": true,
          "underground": true
        },
        "28510": {
          "tunnel": true,
          "underground": true
        },
        "28511": {
          "tunnel": true,
          "underground": true
        },
        "28512": {
          "tunnel": true,
          "underground": true
        },
        "28513": {
          "tunnel": true,
          "underground": true
        },
        "28516": {
          "tunnel": true,
          "underground": true
        },
        "28604": {
          "tunnel": true,
          "underground": true
        },
        "28609": {
          "tunnel": true,
          "underground": true
        },
        "28610": {
          "tunnel": true,
          "underground": true
        },
        "28611": {
          "tunnel": true,
          "underground": true
        },
        "28613": {
          "tunnel": true,
          "underground": true
        },
        "28614": {
          "tunnel": true,
          "underground": true
        },
        "28617": {
          "tunnel": true,
          "underground": true
        },
        "28621": {
          "tunnel": true,
          "underground": true
        },
        "28624": {
          "tunnel": true,
          "underground": true
        },
        "28625": {
          "tunnel": true,
          "underground": true
        },
        "28626": {
          "tunnel": true,
          "underground": true
        },
        "28634": {
          "tunnel": true,
          "underground": true
        },
        "28636": {
          "tunnel": true,
          "underground": true
        },
        "28637": {
          "tunnel": true,
          "underground": true
        },
        "28642": {
          "tunnel": true,
          "underground": true
        },
        "28644": {
          "tunnel": true,
          "underground": true
        },
        "28648": {
          "tunnel": true,
          "underground": true
        },
        "28649": {
          "tunnel": true,
          "underground": true
        },
        "28845": {
          "tunnel": true,
          "underground": true
        },
        "28846": {
          "tunnel": true,
          "underground": true
        },
        "28847": {
          "tunnel": true,
          "underground": true
        },
        "28848": {
          "tunnel": true,
          "underground": true
        },
        "28854": {
          "tunnel": true,
          "underground": true
        },
        "28855": {
          "tunnel": true,
          "underground": true
        },
        "28859": {
          "tunnel": true,
          "underground": true
        },
        "28860": {
          "tunnel": true,
          "underground": true
        },
        "28868": {
          "tunnel": true,
          "underground": true
        },
        "28869": {
          "tunnel": true,
          "underground": true
        },
        "28870": {
          "tunnel": true,
          "underground": true
        },
        "28871": {
          "tunnel": true,
          "underground": true
        },
        "28873": {
          "tunnel": true,
          "underground": true
        },
        "28874": {
          "tunnel": true,
          "underground": true
        },
        "28877": {
          "tunnel": true,
          "underground": true
        },
        "28881": {
          "tunnel": true,
          "underground": true
        },
        "28882": {
          "tunnel": true,
          "underground": true
        },
        "28883": {
          "tunnel": true,
          "underground": true
        },
        "28889": {
          "tunnel": true,
          "underground": true
        },
        "28890": {
          "tunnel": true,
          "underground": true
        },
        "28892": {
          "tunnel": true,
          "underground": true
        },
        "28981": {
          "tunnel": true,
          "underground": true
        },
        "28982": {
          "tunnel": true,
          "underground": true
        },
        "29039": {
          "tunnel": true,
          "underground": true
        },
        "29060": {
          "tunnel": true,
          "underground": true
        },
        "294": {
          "tunnel": true,
          "underground": true
        },
        "295": {
          "tunnel": true,
          "underground": true
        },
        "297": {
          "tunnel": true,
          "underground": true
        },
        "303": {
          "tunnel": true,
          "underground": true
        },
        "304": {
          "tunnel": true,
          "underground": true
        },
        "63": {
          "tunnel": true,
          "underground": true
        },
        "64": {
          "tunnel": true,
          "underground": true
        },
        "881": {
          "tunnel": true,
          "underground": true
        },
        "883": {
          "tunnel": true,
          "underground": true
        },
        "891": {
          "tunnel": true,
          "underground": true
        },
        "898": {
          "tunnel": true,
          "underground": true
        },
        "904": {
          "tunnel": true,
          "underground": true
        },
        "905": {
          "tunnel": true,
          "underground": true
        },
        "910": {
          "tunnel": true,
          "underground": true
        },
        "912": {
          "tunnel": true,
          "underground": true
        },
        "917": {
          "tunnel": true,
          "underground": true
        },
        "918": {
          "tunnel": true,
          "underground": true
        },
        "98": {
          "tunnel": true,
          "underground": true
        },
        "992": {
          "tunnel": true,
          "underground": true
        },
        "993": {
          "tunnel": true,
          "underground": true
        },
        "994": {
          "tunnel": true,
          "underground": true
        },
        "997": {
          "tunnel": true,
          "underground": true
        },
        "998": {
          "tunnel": true,
          "underground": true
        }
      }
    },
    "scenario": {
      "bycicle percentage": 0,
      "day type": [
        "weekday",
        "weekend"
      ],
      "evehicle percentage": 0,
      "time slots": [
        0,
        3
      ]
    },
    "user_id": "user"
  },
  "history": {},
  "original": {
    "mobility_model_input": {
      "grid": {},
      "road_network": {
        "102": {
          "tunnel": false,
          "underground": false
        },
        "1161": {
          "tunnel": false,
          "underground": false
        },
        "1162": {
          "tunnel": false,
          "underground": false
        },
        "1163": {
          "tunnel": false,
          "underground": false
        },
        "1164": {
          "tunnel": false,
          "underground": false
        },
        "1167": {
          "tunnel": false,
          "underground": false
        },
        "1168": {
          "tunnel": false,
          "underground": false
        },
        "1169": {
          "tunnel": false,
          "underground": false
        },
        "1170": {
          "tunnel": false,
          "underground": false
        },
        "1176": {
          "tunnel": false,
          "underground": false
        },
        "1178": {
          "tunnel": false,
          "underground": false
        },
        "1179": {
          "tunnel": false,
          "underground": false
        },
        "1180": {
          "tunnel": false,
          "underground": false
        },
        "1181": {
          "tunnel": false,
          "underground": false
        },
        "1182": {
          "tunnel": false,
          "underground": false
        },
        "1183": {
          "tunnel": false,
          "underground": false
        },
        "1188": {
          "tunnel": false,
          "underground": false
        },
        "1190": {
          "tunnel": false,
          "underground": false
        },
        "1193": {
          "tunnel": false,
          "underground": false
        },
        "1195": {
          "tunnel": false,
          "underground": false
        },
        "1202": {
          "tunnel": false,
          "underground": false
        },
        "1203": {
          "tunnel": false,
          "underground": false
        },
        "1205": {
          "tunnel": false,
          "underground": false
        },
        "121": {
          "tunnel": false,
          "underground": false
        },
        "1212": {
          "tunnel": false,
          "underground": false
        },
        "123": {
          "tunnel": false,
          "underground": false
        },
        "1408": {
          "tunnel": false,
          "underground": false
        },
        "1409": {
          "tunnel": false,
          "underground": false
        },
        "1410": {
          "tunnel": false,
          "underground": false
        },
        "1411": {
          "tunnel": false,
          "underground": false
        },
        "1413": {
          "tunnel": false,
          "underground": false
        },
        "1419": {
          "tunnel": false,
          "underground": false
        },
        "1420": {
          "tunnel": false,
          "underground": false
        },
        "1423": {
          "tunnel": false,
          "underground": false
        },
        "1436": {
          "tunnel": false,
          "underground": false
        },
        "1437": {
          "tunnel": false,
          "underground": false
        },
        "1438": {
          "tunnel": false,
          "underground": false
        },
        "1439": {
          "tunnel": false,
          "underground": false
        },
        "1441": {
          "tunnel": false,
          "underground": false
        },
        "1479": {
          "tunnel": false,
          "underground": false
        },
        "1480": {
          "tunnel": false,
          "underground": false
        },
        "1603": {
          "tunnel": false,
          "underground": false
        },
        "1670": {
          "tunnel": false,
          "underground": false
        },
        "1671": {
          "tunnel": false,
          "underground": false
        },
        "1672": {
          "tunnel": false,
          "underground": false
        },
        "1673": {
          "tunnel": false,
          "underground": false
        },
        "1674": {
          "tunnel": false,
          "underground": false
        },
        "22040": {
          "tunnel": false,
          "underground": false
        },
        "22109": {
          "tunnel": false,
          "underground": false
        },
        "22139": {
          "tunnel": false,
          "underground": false
        },
        "22141": {
          "tunnel": false,
          "underground": false
        },
        "22148": {
          "tunnel": false,
          "underground": false
        },
        "22150": {
          "tunnel": false,
          "underground": false
        },
        "22152": {
          "tunnel": false,
          "underground": false
        },
        "2259": {
          "tunnel": false,
          "underground": false
        },
        "2262": {
          "tunnel": false,
          "underground": false
        },
        "23034": {
          "tunnel": false,
          "underground": false
        },
        "2305": {
          "tunnel": false,
          "underground": false
        },
        "23076": {
          "tunnel": false,
          "underground": false
        },
        "23111": {
          "tunnel": false,
          "underground": false
        },
        "23115": {
          "tunnel": false,
          "underground": false
        },
        "23119": {
          "tunnel": false,
          "underground": false
        },
        "2312": {
          "tunnel": false,
          "underground": false
        },
        "23120": {
          "tunnel": false,
          "underground": false
        },
        "23121": {
          "tunnel": false,
          "underground": false
        },
        "23122": {
          "tunnel": false,
          "underground": false
        },
        "23125": {
          "tunnel": false,
          "underground": false
        },
        "23126": {
          "tunnel": false,
          "underground": false
        },
        "23127": {
          "tunnel": false,
          "underground": false
        },
        "23128": {
          "tunnel": false,
          "underground": false
        },
        "23129": {
          "tunnel": false,
          "underground": false
        },
        "2313": {
          "tunnel": false,
          "underground": false
        },
        "23130": {
          "tunnel": false,
          "underground": false
        },
        "23132": {
          "tunnel": false,
          "underground": false
        },
        "23133": {
          "tunnel": false,
          "underground": false
        },
        "23135": {
          "tunnel": false,
          "underground": false
        },
        "2321": {
          "tunnel": false,
          "underground": false
        },
        "2323": {
          "tunnel": false,
          "underground": false
        },
        "2327": {
          "tunnel": false,
          "underground": false
        },
        "23356": {
          "tunnel": false,
          "underground": false
        },
        "23358": {
          "tunnel": false,
          "underground": false
        },
        "23359": {
          "tunnel": false,
          "underground": false
        },
        "23360": {
          "tunnel": false,
          "underground": false
        },
        "23365": {
          "tunnel": false,
          "underground": false
        },
        "23366": {
          "tunnel": false,
          "underground": false
        },
        "23379": {
          "tunnel": false,
          "underground": false
        },
        "23415": {
          "tunnel": false,
          "underground": false
        },
        "23418": {
          "tunnel": false,
          "underground": false
        },
        "2345": {
          "tunnel": false,
          "underground": false
        },
        "2388": {
          "tunnel": false,
          "underground": false
        },
        "25517": {
          "tunnel": false,
          "underground": false
        },
        "25518": {
          "tunnel": false,
          "underground": false
        },
        "25711": {
          "tunnel": false,
          "underground": false
        },
        "25712": {
          "tunnel": false,
          "underground": false
        },
        "25723": {
          "tunnel": false,
          "underground": false
        },
        "25724": {
          "tunnel": false,
          "underground": false
        },
        "25727": {
          "tunnel": false,
          "underground": false
        },
        "25728": {
          "tunnel": false,
          "underground": false
        },
        "25730": {
          "tunnel": false,
          "underground": false
        },
        "27288": {
          "tunnel": false,
          "underground": false
        },
        "27289": {
          "tunnel": false,
          "underground": false
        },
        "27290": {
          "tunnel": false,
          "underground": false
        },
        "27294": {
          "tunnel": false,
          "underground": false
        },
        "27296": {
          "tunnel": false,
          "underground": false
        },
        "27742": {
          "tunnel": false,
          "underground": false
        },
        "27744": {
          "tunnel": false,
          "underground": false
        },
        "27745": {
          "tunnel": false,
          "underground": false
        },
        "27758": {
          "tunnel": false,
          "underground": false
        },
        "27759": {
          "tunnel": false,
          "underground": false
        },
        "27762": {
          "tunnel": false,
          "underground": false
        },
        "27763": {
          "tunnel": false,
          "underground": false
        },
        "27837": {
          "tunnel": false,
          "underground": false
        },
        "27840": {
          "tunnel": false,
          "underground": false
        },
        "27845": {
          "tunnel": false,
          "underground": false
        },
        "27846": {
          "tunnel": false,
          "underground": false
        },
        "27873": {
          "tunnel": false,
          "underground": false
        },
        "27874": {
          "tunnel": false,
          "underground": false
        },
        "27875": {
          "tunnel": false,
          "underground": false
        },
        "27876": {
          "tunnel": false,
          "underground": false
        },
        "27878": {
          "tunnel": false,
          "underground": false
        },
        "27880": {
          "tunnel": false,
          "underground": false
        },
        "27881": {
          "tunnel": false,
          "underground": false
        },
        "27883": {
          "tunnel": false,
          "underground": false
        },
        "27888": {
          "tunnel": false,
          "underground": false
        },
        "27890": {
          "tunnel": false,
          "underground": false
        },
        "27893": {
          "tunnel": false,
          "underground": false
        },
        "27894": {
          "tunnel": false,
          "underground": false
        },
        "27895": {
          "tunnel": false,
          "underground": false
        },
        "27899": {
          "tunnel": false,
          "underground": false
        },
        "27917": {
          "tunnel": false,
          "underground": false
        },
        "27918": {
          "tunnel": false,
          "underground": false
        },
        "27928": {
          "tunnel": false,
          "underground": false
        },
        "27929": {
          "tunnel": false,
          "underground": false
        },
        "27976": {
          "tunnel": false,
          "underground": false
        },
        "27978": {
          "tunnel": false,
          "underground": false
        },
        "27979": {
          "tunnel": false,
          "underground": false
        },
        "27991": {
          "tunnel": false,
          "underground": false
        },
        "27992": {
          "tunnel": false,
          "underground": false
        },
        "27993": {
          "tunnel": false,
          "underground": false
        },
        "27999": {
          "tunnel": false,
          "underground": false
        },
        "28000": {
          "tunnel": false,
          "underground": false
        },
        "28002": {
          "tunnel": false,
          "underground": false
        },
        "28003": {
          "tunnel": false,
          "underground": false
        },
        "28004": {
          "tunnel": false,
          "underground": false
        },
        "28005": {
          "tunnel": false,
          "underground": false
        },
        "28006": {
          "tunnel": false,
          "underground": false
        },
        "28008": {
          "tunnel": false,
          "underground": false
        },
        "28020": {
          "tunnel": false,
          "underground": false
        },
        "28021": {
          "tunnel": false,
          "underground": false
        },
        "28024": {
          "tunnel": false,
          "underground": false
        },
        "28026": {
          "tunnel": false,
          "underground": false
        },
        "28027": {
          "tunnel": false,
          "underground": false
        },
        "283": {
          "tunnel": false,
          "underground": false
        },
        "284": {
          "tunnel": false,
          "underground": false
        },
        "28508": {
          "tunnel": false,
          "underground": false
        },
        "28509": {
          "tunnel": false,
          "underground": false
        },
        "28510": {
          "tunnel": false,
          "underground": false
        },
        "28511": {
          "tunnel": false,
          "underground": false
        },
        "28512": {
          "tunnel": false,
          "underground": false
        },
        "28513": {
          "tunnel": false,
          "underground": false
        },
        "28516": {
          "tunnel": false,
          "underground": false
        },
        "28604": {
          "tunnel": false,
          "underground": false
        },
        "28609": {
          "tunnel": false,
          "underground": false
        },
        "28610": {
          "tunnel": false,
          "underground": false
        },
        "28611": {
          "tunnel": false,
          "underground": false
        },
        "28613": {
          "tunnel": false,
          "underground": false
        },
        "28614": {
          "tunnel": false,
          "underground": false
        },
        "28617": {
          "tunnel": false,
          "underground": false
        },
        "28621": {
          "tunnel": false,
          "underground": false
        },
        "28624": {
          "tunnel": false,
          "underground": false
        },
        "28625": {
          "tunnel": false,
          "underground": false
        },
        "28626": {
          "tunnel": false,
          "underground": false
        },
        "28634": {
          "tunnel": false,
          "underground": false
        },
        "28636": {
          "tunnel": false,
          "underground": false
        },
        "28637": {
          "tunnel": false,
          "underground": false
        },
        "28642": {
          "tunnel": false,
          "underground": false
        },
        "28644": {
          "tunnel": false,
          "underground": false
        },
        "28648": {
          "tunnel": false,
          "underground": false
        },
        "28649": {
          "tunnel": false,
          "underground": false
        },
        "28845": {
          "tunnel": false,
          "underground": false
        },
        "28846": {
          "tunnel": false,
          "underground": false
        },
        "28847": {
          "tunnel": false,
          "underground": false
        },
        "28848": {
          "tunnel": false,
          "underground": false
        },
        "28854": {
          "tunnel": false,
          "underground": false
        },
        "28855": {
          "tunnel": false,
          "underground": false
        },
        "28859": {
          "tunnel": false,
          "underground": false
        },
        "28860": {
          "tunnel": false,
          "underground": false
        },
        "28868": {
          "tunnel": false,
          "underground": false
        },
        "28869": {
          "tunnel": false,
          "underground": false
        },
        "28870": {
          "tunnel": false,
          "underground": false
        },
        "28871": {
          "tunnel": false,
          "underground": false
        },
        "28873": {
          "tunnel": false,
          "underground": false
        },
        "28874": {
          "tunnel": false,
          "underground": false
        },
        "28877": {
          "tunnel": false,
          "underground": false
        },
        "28881": {
          "tunnel": false,
          "underground": false
        },
        "28882": {
          "tunnel": false,
          "underground": false
        },
        "28883": {
          "tunnel": false,
          "underground": false
        },
        "28889": {
          "tunnel": false,
          "underground": false
        },
        "28890": {
          "tunnel": false,
          "underground": false
        },
        "28892": {
          "tunnel": false,
          "underground": false
        },
        "28981": {
          "tunnel": false,
          "underground": false
        },
        "28982": {
          "tunnel": false,
          "underground": false
        },
        "29039": {
          "tunnel": false,
          "underground": false
        },
        "29060": {
          "tunnel": false,
          "underground": false
        },
        "294": {
          "tunnel": false,
          "underground": false
        },
        "295": {
          "tunnel": false,
          "underground": false
        },
        "297": {
          "tunnel": false,
          "underground": false
        },
        "303": {
          "tunnel": false,
          "underground": false
        },
        "304": {
          "tunnel": false,
          "underground": false
        },
        "63": {
          "tunnel": false,
          "underground": false
        },
        "64": {
          "tunnel": false,
          "underground": false
        },
        "881": {
          "tunnel": false,
          "underground": false
        },
        "883": {
          "tunnel": false,
          "underground": false
        },
        "891": {
          "tunnel": false,
          "underground": false
        },
        "898": {
          "tunnel": false,
          "underground": false
        },
        "904": {
          "tunnel": false,
          "underground": false
        },
        "905": {
          "tunnel": false,
          "underground": false
        },
        "910": {
          "tunnel": false,
          "underground": false
        },
        "912": {
          "tunnel": false,
          "underground": false
        },
        "917": {
          "tunnel": false,
          "underground": false
        },
        "918": {
          "tunnel": false,
          "underground": false
        },
        "98": {
          "tunnel": false,
          "underground": false
        },
        "992": {
          "tunnel": false,
          "underground": false
        },
        "993": {
          "tunnel": false,
          "underground": false
        },
        "994": {
          "tunnel": false,
          "underground": false
        },
        "997": {
          "tunnel": false,
          "underground": false
        },
        "998": {
          "tunnel": false,
          "underground": false
        }
      }
    }
  },
  "scenarioId": "copenhagen",
  "scenarioName": "Copenhagen"
}