{
  "changes": {
    "analysis_id": "analysis",
    "mobility_model_input": {
      "grid": {},
      "road_network": {
        "10192": {
          "speed": 90
        },
        "10602": {
          "speed": 90
        },
        "10612": {
          "speed": 90
        },
        "10613": {
          "speed": 90
        },
        "10616": {
          "speed": 90
        },
        "10839": {
          "speed": 90
        },
        "10840": {
          "speed": 90
        },
        "10855": {
          "speed": 90
        },
        "10856": {
          "speed": 90
        },
        "10861": {
          "speed": 90
        },
        "10863": {
          "speed": 90
        },
        "10865": {
          "speed": 90
        },
        "10866": {
          "speed": 90
        },
        "10869": {
          "speed": 90
        },
        "10873": {
          "speed": 90
        },
        "10875": {
          "speed": 90
        },
        "10876": {
          "speed": 90
        },
        "10881": {
          "speed": 90
        },
        "10882": {
          "speed": 90
        },
        "10884": {
          "speed": 90
        },
        "10887": {
          "speed": 90
        },
        "10889": {
          "speed": 90
        },
        "10895": {
          "speed": 90
        },
        "10896": {
          "speed": 90
        },
        "10897": {
          "speed": 90
        },
        "1090": {
          "speed": 90
        },
        "10922": {
          "speed": 90
        },
        "10923": {
          "speed": 90
        },
        "10933": {
          "speed": 90
        },
        "10934": {
          "speed": 90
        },
        "10938": {
          "speed": 90
        },
        "10980": {
          "speed": 90
        },
        "11001": {
          "speed": 90
        },
        "11002": {
          "speed": 90
        },
        "11004": {
          "speed": 90
        },
        "11008": {
          "speed": 90
        },
        "1120": {
          "speed": 90
        },
        "11206": {
          "speed": 90
        },
        "1122": {
          "speed": 90
        },
        "11234": {
          "speed": 90
        },
        "11235": {
          "speed": 90
        },
        "11247": {
          "speed": 90
        },
        "11315": {
          "speed": 90
        },
        "11322": {
          "speed": 90
        },
        "11323": {
          "speed": 90
        },
        "1133": {
          "speed": 90
        },
        "1135": {
          "speed": 90
        },
        "1138": {
          "speed": 90
        },
        "11387": {
          "speed": 90
        },
        "1141": {
          "speed": 90
        },
        "11414": {
          "speed": 90
        },
        "1144": {
          "speed": 90
        },
        "1165": {
          "speed": 90
        },
        "1167": {
          "speed": 90
        },
        "1169": {
          "speed": 90
        },
        "1170": {
          "speed": 90
        },
        "1171": {
          "speed": 90
        },
        "1176": {
          "speed": 90
        },
        "1178": {
          "speed": 90
        },
        "1181": {
          "speed": 90
        },
        "1182": {
          "speed": 90
        },
        "1188": {
          "speed": 90
        },
        "1190": {
          "speed": 90
        },
        "1195": {
          "speed": 90
        },
        "1203": {
          "speed": 90
        },
        "1212": {
          "speed": 90
        },
        "12208": {
          "speed": 90
        },
        "12209": {
          "speed": 90
        },
        "12212": {
          "speed": 90
        },
        "12213": {
          "speed": 90
        },
        "12224": {
          "speed": 90
        },
        "12226": {
          "speed": 90
        },
        "12227": {
          "speed": 90
        },
        "12228": {
          "speed": 90
        },
        "12230": {
          "speed": 90
        },
        "12237": {
          "speed": 90
        },
        "12239": {
          "speed": 90
        },
        "12240": {
          "speed": 90
        },
        "12249": {
          "speed": 90
        },
        "12252": {
          "speed": 90
        },
        "12253": {
          "speed": 90
        },
        "12254": {
          "speed": 90
        },
        "12256": {
          "speed": 90
        },
        "123": {
          "speed": 90
        },
        "12920": {
          "speed": 90
        },
        "12922": {
          "speed": 90
        },
        "12923": {
          "speed": 90
        },
        "12925": {
          "speed": 90
        },
        "12926": {
          "speed": 90
        },
        "12928": {
          "speed": 90
        },
        "12929": {
          "speed": 90
        },
        "12932": {
          "speed": 90
        },
        "12934": {
          "speed": 90
        },
        "12981": {
          "speed": 90
        },
        "13083": {
          "speed": 90
        },
        "13085": {
          "speed": 90
        },
        "13089": {
          "speed": 90
        },
        "13090": {
          "speed": 90
        },
        "13091": {
          "speed": 90
        },
        "13093": {
          "speed": 90
        },
        "13094": {
          "speed": 90
        },
        "13100": {
          "speed": 90
        },
        "13101": {
          "speed": 90
        },
        "13104": {
          "speed": 90
        },
        "13105": {
          "speed": 90
        },
        "13139": {
          "speed": 90
        },
        "13140": {
          "speed": 90
        },
        "13145": {
          "speed": 90
        },
        "13147": {
          "speed": 90
        },
        "13148": {
          "speed": 90
        },
        "13149": {
          "speed": 90
        },
        "13176": {
          "speed": 90
        },
        "13177": {
          "speed": 90
        },
        "13184": {
          "speed": 90
        },
        "13185": {
          "speed": 90
        },
        "13186": {
          "speed": 90
        },
        "13187": {
          "speed": 90
        },
        "13190": {
          "speed": 90
        },
        "13191": {
          "speed": 90
        },
        "13192": {
          "speed": 90
        },
        "13193": {
          "speed": 90
        },
        "13195": {
          "speed": 90
        },
        "13196": {
          "speed": 90
        },
        "13197": {
          "speed": 90
        },
        "13198": {
          "speed": 90
        },
        "13199": {
          "speed": 90
        },
        "13400": {
          "speed": 90
        },
        "13406": {
          "speed": 90
        },
        "13414": {
          "speed": 90
        },
        "13417": {
          "speed": 90
        },
        "13418": {
          "speed": 90
        },
        "13454": {
          "speed": 90
        },
        "13455": {
          "speed": 90
        },
        "13457": {
          "speed": 90
        },
        "13458": {
          "speed": 90
        },
        "13463": {
          "speed": 90
        },
        "13487": {
          "speed": 90
        },
        "13491": {
          "speed": 90
        },
        "13492": {
          "speed": 90
        },
        "13493": {
          "speed": 90
        },
        "13513": {
          "speed": 90
        },
        "13514": {
          "speed": 90
        },
        "13515": {
          "speed": 90
        },
        "13517": {
          "speed": 90
        },
        "13564": {
          "speed": 90
        },
        "13566": {
          "speed": 90
        },
        "13568": {
          "speed": 90
        },
        "1406": {
          "speed": 90
        },
        "1409": {
          "speed": 90
        },
        "1410": {
          "speed": 90
        },
        "1411": {
          "speed": 90
        },
        "1412": {
          "speed": 90
        },
        "1437": {
          "speed": 90
        },
        "1438": {
          "speed": 90
        },
        "1439": {
          "speed": 90
        },
        "15298": {
          "speed": 90
        },
        "15301": {
          "speed": 90
        },
        "15385": {
          "speed": 90
        },
        "15388": {
          "speed": 90
        },
        "15389": {
          "speed": 90
        },
        "15396": {
          "speed": 90
        },
        "15399": {
          "speed": 90
        },
        "15408": {
          "speed": 90
        },
        "15409": {
          "speed": 90
        },
        "15418": {
          "speed": 90
        },
        "15419": {
          "speed": 90
        },
        "15456": {
          "speed": 90
        },
        "15466": {
          "speed": 90
        },
        "15467": {
          "speed": 90
        },
        "15468": {
          "speed": 90
        },
        "15471": {
          "speed": 90
        },
        "15473": {
          "speed": 90
        },
        "15475": {
          "speed": 90
        },
        "15476": {
          "speed": 90
        },
        "15477": {
          "speed": 90
        },
        "15479": {
          "speed": 90
        },
        "15628": {
          "speed": 90
        },
        "15630": {
          "speed": 90
        },
        "15631": {
          "speed": 90
        },
        "15632": {
          "speed": 90
        },
        "15675": {
          "speed": 90
        },
        "15677": {
          "speed": 90
        },
        "15678": {
          "speed": 90
        },
        "15679": {
          "speed": 90
        },
        "15681": {
          "speed": 90
        },
        "15694": {
          "speed": 90
        },
        "15698": {
          "speed": 90
        },
        "15699": {
          "speed": 90
        },
        "15701": {
          "speed": 90
        },
        "15705": {
          "speed": 90
        },
        "15707": {
          "speed": 90
        },
        "15711": {
          "speed": 90
        },
        "15713": {
          "speed": 90
        },
        "15715": {
          "speed": 90
        },
        "15717": {
          "speed": 90
        },
        "15718": {
          "speed": 90
        },
        "15723": {
          "speed": 90
        },
        "15724": {
          "speed": 90
        },
        "15725": {
          "speed": 90
        },
        "15726": {
          "speed": 90
        },
        "15731": {
          "speed": 90
        },
        "15732": {
          "speed": 90
        },
        "15762": {
          "speed": 90
        },
        "15763": {
          "speed": 90
        },
        "15765": {
          "speed": 90
        },
        "15767": {
          "speed": 90
        },
        "15768": {
          "speed": 90
        },
        "15772": {
          "speed": 90
        },
        "15773": {
          "speed": 90
        },
        "15830": {
          "speed": 90
        },
        "15832": {
          "speed": 90
        },
        "15846": {
          "speed": 90
        },
        "15850": {
          "speed": 90
        },
        "1603": {
          "speed": 90
        },
        "16080": {
          "speed": 90
        },
        "16540": {
          "speed": 90
        },
        "16545": {
          "speed": 90
        },
        "16575": {
          "speed": 90
        },
        "16677": {
          "speed": 90
        },
        "16698": {
          "speed": 90
        },
        "1670": {
          "speed": 90
        },
        "1671": {
          "speed": 90
        },
        "1672": {
          "speed": 90
        },
        "1673": {
          "speed": 90
        },
        "17300": {
          "speed": 90
        },
        "17307": {
          "speed": 90
        },
        "17308": {
          "speed": 90
        },
        "17551": {
          "speed": 90
        },
        "17552": {
          "speed": 90
        },
        "17553": {
          "speed": 90
        },
        "17555": {
          "speed": 90
        },
        "17558": {
          "speed": 90
        },
        "17564": {
          "speed": 90
        },
        "17567": {
          "speed": 90
        },
        "17568": {
          "speed": 90
        },
        "17582": {
          "speed": 90
        },
        "17584": {
          "speed": 90
        },
        "17594": {
          "speed": 90
        },
        "17595": {
          "speed": 90
        },
        "17753": {
          "speed": 90
        },
        "17754": {
          "speed": 90
        },
        "17759": {
          "speed": 90
        },
        "17760": {
          "speed": 90
        },
        "17762": {
          "speed": 90
        },
        "17763": {
          "speed": 90
        },
        "17764": {
          "speed": 90
        },
        "17766": {
          "speed": 90
        },
        "17767": {
          "speed": 90
        },
        "17769": {
          "speed": 90
        },
        "17770": {
          "speed": 90
        },
        "17773": {
          "speed": 90
        },
        "17774": {
          "speed": 90
        },
        "17840": {
          "speed": 90
        },
        "17841": {
          "speed": 90
        },
        "17846": {
          "speed": 90
        },
        "17848": {
          "speed": 90
        },
        "17851": {
          "speed": 90
        },
        "17852": {
          "speed": 90
        },
        "17857": {
          "speed": 90
        },
        "17858": {
          "speed": 90
        },
        "17972": {
          "speed": 90
        },
        "17974": {
          "speed": 90
        },
        "18043": {
          "speed": 90
        },
        "18044": {
          "speed": 90
        },
        "18068": {
          "speed": 90
        },
        "18069": {
          "speed": 90
        },
        "18088": {
          "speed": 90
        },
        "18089": {
          "speed": 90
        },
        "18095": {
          "speed": 90
        },
        "18116": {
          "speed": 90
        },
        "18161": {
          "speed": 90
        },
        "18162": {
          "speed": 90
        },
        "18164": {
          "speed": 90
        },
        "18165": {
          "speed": 90
        },
        "18167": {
          "speed": 90
        },
        "20143": {
          "speed": 90
        },
        "20148": {
          "speed": 90
        },
        "21085": {
          "speed": 90
        },
        "21090": {
          "speed": 90
        },
        "21116": {
          "speed": 90
        },
        "21118": {
          "speed": 90
        },
        "21119": {
          "speed": 90
        },
        "21120": {
          "speed": 90
        },
        "21174": {
          "speed": 90
        },
        "21175": {
          "speed": 90
        },
        "21194": {
          "speed": 90
        },
        "21275": {
          "speed": 90
        },
        "21276": {
          "speed": 90
        },
        "21278": {
          "speed": 90
        },
        "21280": {
          "speed": 90
        },
        "21285": {
          "speed": 90
        },
        "21446": {
          "speed": 90
        },
        "21448": {
          "speed": 90
        },
        "21459": {
          "speed": 90
        },
        "21460": {
          "speed": 90
        },
        "21470": {
          "speed": 90
        },
        "21471": {
          "speed": 90
        },
        "21476": {
          "speed": 90
        },
        "21477": {
          "speed": 90
        },
        "21517": {
          "speed": 90
        },
        "21519": {
          "speed": 90
        },
        "21520": {
          "speed": 90
        },
        "21527": {
          "speed": 90
        },
        "21528": {
          "speed": 90
        },
        "21531": {
          "speed": 90
        },
        "21532": {
          "speed": 90
        },
        "21673": {
          "speed": 90
        },
        "21674": {
          "speed": 90
        },
        "21678": {
          "speed": 90
        },
        "21679": {
          "speed": 90
        },
        "21680": {
          "speed": 90
        },
        "21681": {
          "speed": 90
        },
        "21688": {
          "speed": 90
        },
        "21690": {
          "speed": 90
        },
        "21691": {
          "speed": 90
        },
        "21694": {
          "speed": 90
        },
        "21695": {
          "speed": 90
        },
        "21696": {
          "speed": 90
        },
        "21697": {
          "speed": 90
        },
        "21816": {
          "speed": 90
        },
        "21817": {
          "speed": 90
        },
        "21818": {
          "speed": 90
        },
        "21821": {
          "speed": 90
        },
        "21822": {
          "speed": 90
        },
        "21824": {
          "speed": 90
        },
        "21830": {
          "speed": 90
        },
        "21838": {
          "speed": 90
        },
        "21844": {
          "speed": 90
        },
        "21845": {
          "speed": 90
        },
        "21846": {
          "speed": 90
        },
        "2259": {
          "speed": 90
        },
        "2262": {
          "speed": 90
        },
        "2313": {
          "speed": 90
        },
        "2321": {
          "speed": 90
        },
        "2345": {
          "speed": 90
        },
        "2388": {
          "speed": 90
        },
        "24667": {
          "speed": 90
        },
        "24679": {
          "speed": 90
        },
        "24680": {
          "speed": 90
        },
        "24681": {
          "speed": 90
        },
        "24719": {
          "speed": 90
        },
        "24721": {
          "speed": 90
        },
        "24723": {
          "speed": 90
        },
        "24724": {
          "speed": 90
        },
        "24725": {
          "speed": 90
        },
        "24726": {
          "speed": 90
        },
        "24729": {
          "speed": 90
        },
        "24730": {
          "speed": 90
        },
        "24798": {
          "speed": 90
        },
        "24801": {
          "speed": 90
        },
        "24814": {
          "speed": 90
        },
        "24815": {
          "speed": 90
        },
        "24816": {
          "speed": 90
        },
        "24817": {
          "speed": 90
        },
        "24819": {
          "speed": 90
        },
        "24820": {
          "speed": 90
        },
        "24821": {
          "speed": 90
        },
        "24824": {
          "speed": 90
        },
        "24826": {
          "speed": 90
        },
        "24827": {
          "speed": 90
        },
        "24828": {
          "speed": 90
        },
        "24838": {
          "speed": 90
        },
        "24839": {
          "speed": 90
        },
        "24840": {
          "speed": 90
        },
        "24841": {
          "speed": 90
        },
        "24844": {
          "speed": 90
        },
        "24845": {
          "speed": 90
        },
        "24846": {
          "speed": 90
        },
        "25347": {
          "speed": 90
        },
        "25348": {
          "speed": 90
        },
        "25382": {
          "speed": 90
        },
        "25383": {
          "speed": 90
        },
        "25386": {
          "speed": 90
        },
        "25401": {
          "speed": 90
        },
        "25406": {
          "speed": 90
        },
        "25411": {
          "speed": 90
        },
        "25413": {
          "speed": 90
        },
        "25414": {
          "speed": 90
        },
        "25417": {
          "speed": 90
        },
        "25420": {
          "speed": 90
        },
        "25422": {
          "speed": 90
        },
        "25517": {
          "speed": 90
        },
        "25518": {
          "speed": 90
        },
        "25521": {
          "speed": 90
        },
        "25522": {
          "speed": 90
        },
        "25530": {
          "speed": 90
        },
        "25531": {
          "speed": 90
        },
        "25545": {
          "speed": 90
        },
        "25551": {
          "speed": 90
        },
        "25558": {
          "speed": 90
        },
        "25560": {
          "speed": 90
        },
        "25711": {
          "speed": 90
        },
        "25712": {
          "speed": 90
        },
        "25723": {
          "speed": 90
        },
        "25724": {
          "speed": 90
        },
        "25727": {
          "speed": 90
        },
        "25728": {
          "speed": 90
        },
        "25730": {
          "speed": 90
        },
        "26684": {
          "speed": 90
        },
        "26685": {
          "speed": 90
        },
        "26688": {
          "speed": 90
        },
        "26700": {
          "speed": 90
        },
        "26702": {
          "speed": 90
        },
        "26719": {
          "speed": 90
        },
        "26720": {
          "speed": 90
        },
        "26805": {
          "speed": 90
        },
        "26809": {
          "speed": 90
        },
        "26811": {
          "speed": 90
        },
        "26813": {
          "speed": 90
        },
        "26815": {
          "speed": 90
        },
        "26816": {
          "speed": 90
        },
        "26821": {
          "speed": 90
        },
        "26822": {
          "speed": 90
        },
        "26827": {
          "speed": 90
        },
        "26833": {
          "speed": 90
        },
        "26851": {
          "speed": 90
        },
        "26853": {
          "speed": 90
        },
        "26854": {
          "speed": 90
        },
        "26858": {
          "speed": 90
        },
        "26860": {
          "speed": 90
        },
        "26864": {
          "speed": 90
        },
        "26919": {
          "speed": 90
        },
        "26922": {
          "speed": 90
        },
        "26924": {
          "speed": 90
        },
        "26926": {
          "speed": 90
        },
        "26938": {
          "speed": 90
        },
        "26939": {
          "speed": 90
        },
        "26940": {
          "speed": 90
        },
        "26941": {
          "speed": 90
        },
        "26947": {
          "speed": 90
        },
        "27110": {
          "speed": 90
        },
        "27123": {
          "speed": 90
        },
        "27126": {
          "speed": 90
        },
        "27127": {
          "speed": 90
        },
        "27128": {
          "speed": 90
        },
        "27155": {
          "speed": 90
        },
        "27159": {
          "speed": 90
        },
        "27160": {
          "speed": 90
        },
        "27161": {
          "speed": 90
        },
        "27163": {
          "speed": 90
        },
        "27180": {
          "speed": 90
        },
        "27184": {
          "speed": 90
        },
        "27186": {
          "speed": 90
        },
        "27227": {
          "speed": 90
        },
        "27234": {
          "speed": 90
        },
        "27236": {
          "speed": 90
        },
        "27261": {
          "speed": 90
        },
        "27288": {
          "speed": 90
        },
        "27289": {
          "speed": 90
        },
        "27290": {
          "speed": 90
        },
        "27294": {
          "speed": 90
        },
        "27296": {
          "speed": 90
        },
        "27742": {
          "speed": 90
        },
        "27744": {
          "speed": 90
        },
        "27745": {
          "speed": 90
        },
        "27758": {
          "speed": 90
        },
        "27759": {
          "speed": 90
        },
        "27762": {
          "speed": 90
        },
        "27763": {
          "speed": 90
        },
        "27837": {
          "speed": 90
        },
        "27840": {
          "speed": 90
        },
        "27845": {
          "speed": 90
        },
        "27846": {
          "speed": 90
        },
        "27873": {
          "speed": 90
        },
        "27874": {
          "speed": 90
        },
        "27875": {
          "speed": 90
        },
        "27876": {
          "speed": 90
        },
        "27878": {
          "speed": 90
        },
        "27880": {
          "speed": 90
        },
        "27881": {
          "speed": 90
        },
        "27888": {
          "speed": 90
        },
        "27890": {
          "speed": 90
        },
        "27893": {
          "speed": 90
        },
        "27894": {
          "speed": 90
        },
        "27895": {
          "speed": 90
        },
        "27899": {
          "speed": 90
        },
        "27917": {
          "speed": 90
        },
        "27918": {
          "speed": 90
        },
        "27928": {
          "speed": 90
        },
        "27929": {
          "speed": 90
        },
        "27976": {
          "speed": 90
        },
        "27978": {
          "speed": 90
        },
        "27979": {
          "speed": 90
        },
        "27991": {
          "speed": 90
        },
        "27992": {
          "speed": 90
        },
        "27993": {
          "speed": 90
        },
        "27999": {
          "speed": 90
        },
        "28000": {
          "speed": 90
        },
        "28002": {
          "speed": 90
        },
        "28003": {
          "speed": 90
        },
        "28004": {
          "speed": 90
        },
        "28005": {
          "speed": 90
        },
        "28006": {
          "speed": 90
        },
        "28008": {
          "speed": 90
        },
        "28020": {
          "speed": 90
        },
        "28021": {
          "speed": 90
        },
        "28024": {
          "speed": 90
        },
        "28026": {
          "speed": 90
        },
        "28027": {
          "speed": 90
        },
        "28509": {
          "speed": 90
        },
        "28510": {
          "speed": 90
        },
        "28511": {
          "speed": 90
        },
        "28604": {
          "speed": 90
        },
        "28609": {
          "speed": 90
        },
        "28610": {
          "speed": 90
        },
        "28611": {
          "speed": 90
        },
        "28613": {
          "speed": 90
        },
        "28614": {
          "speed": 90
        },
        "28617": {
          "speed": 90
        },
        "28621": {
          "speed": 90
        },
        "28624": {
          "speed": 90
        },
        "28625": {
          "speed": 90
        },
        "28626": {
          "speed": 90
        },
        "28634": {
          "speed": 90
        },
        "28636": {
          "speed": 90
        },
        "28637": {
          "speed": 90
        },
        "28642": {
          "speed": 90
        },
        "28644": {
          "speed": 90
        },
        "28648": {
          "speed": 90
        },
        "28649": {
          "speed": 90
        },
        "28847": {
          "speed": 90
        },
        "28848": {
          "speed": 90
        },
        "28868": {
          "speed": 90
        },
        "28981": {
          "speed": 90
        },
        "28982": {
          "speed": 90
        },
        "3616": {
          "speed": 90
        },
        "3647": {
          "speed": 90
        },
        "3648": {
          "speed": 90
        },
        "3900": {
          "speed": 90
        },
        "3908": {
          "speed": 90
        },
        "3911": {
          "speed": 90
        },
        "4008": {
          "speed": 90
        },
        "4009": {
          "speed": 90
        },
        "4408": {
          "speed": 90
        },
        "4409": {
          "speed": 90
        },
        "4418": {
          "speed": 90
        },
        "4422": {
          "speed": 90
        },
        "4431": {
          "speed": 90
        },
        "4434": {
          "speed": 90
        },
        "4460": {
          "speed": 90
        },
        "4462": {
          "speed": 90
        },
        "4475": {
          "speed": 90
        },
        "4545": {
          "speed": 90
        },
        "4549": {
          "speed": 90
        },
        "4559": {
          "speed": 90
        },
        "4561": {
          "speed": 90
        },
        "4577": {
          "speed": 90
        },
        "4578": {
          "speed": 90
        },
        "4581": {
          "speed": 90
        },
        "4587": {
          "speed": 90
        },
        "4590": {
          "speed": 90
        },
        "4598": {
          "speed": 90
        },
        "4605": {
          "speed": 90
        },
        "4741": {
          "speed": 90
        },
        "4745": {
          "speed": 90
        },
        "4749": {
          "speed": 90
        },
        "4751": {
          "speed": 90
        },
        "4757": {
          "speed": 90
        },
        "4759": {
          "speed": 90
        },
        "4764": {
          "speed": 90
        },
        "4766": {
          "speed": 90
        },
        "4767": {
          "speed": 90
        },
        "4821": {
          "speed": 90
        },
        "4823": {
          "speed": 90
        },
        "4832": {
          "speed": 90
        },
        "4835": {
          "speed": 90
        },
        "4837": {
          "speed": 90
        },
        "4846": {
          "speed": 90
        },
        "4899": {
          "speed": 90
        },
        "63": {
          "speed": 90
        },
        "64": {
          "speed": 90
        },
        "6505": {
          "speed": 90
        },
        "6507": {
          "speed": 90
        },
        "6509": {
          "speed": 90
        },
        "6518": {
          "speed": 90
        },
        "6519": {
          "speed": 90
        },
        "6520": {
          "speed": 90
        },
        "6766": {
          "speed": 90
        },
        "6774": {
          "speed": 90
        },
        "6800": {
          "speed": 90
        },
        "7004": {
          "speed": 90
        },
        "7006": {
          "speed": 90
        },
        "7007": {
          "speed": 90
        },
        "7008": {
          "speed": 90
        },
        "7009": {
          "speed": 90
        },
        "7013": {
          "speed": 90
        },
        "7016": {
          "speed": 90
        },
        "7017": {
          "speed": 90
        },
        "8613": {
          "speed": 90
        },
        "8614": {
          "speed": 90
        },
        "8835": {
          "speed": 90
        },
        "8836": {
          "speed": 90
        },
        "8922": {
          "speed": 90
        },
        "8923": {
          "speed": 90
        },
        "8944": {
          "speed": 90
        },
        "8948": {
          "speed": 90
        },
        "8949": {
          "speed": 90
        },
        "8955": {
          "speed": 90
        },
        "8966": {
          "speed": 90
        },
        "8976": {
          "speed": 90
        },
        "8978": {
          "speed": 90
        },
        "8983": {
          "speed": 90
        },
        "8984": {
          "speed": 90
        },
        "8987": {
          "speed": 90
        },
        "8991": {
          "speed": 90
        },
        "8995": {
          "speed": 90
        },
        "8996": {
          "speed": 90
        },
        "9015": {
          "speed": 90
        },
        "9018": {
          "speed": 90
        },
        "9020": {
          "speed": 90
        },
        "9022": {
          "speed": 90
        },
        "9026": {
          "speed": 90
        },
        "9028": {
          "speed": 90
        },
        "9034": {
          "speed": 90
        },
        "9046": {
          "speed": 90
        },
        "9047": {
          "speed": 90
        },
        "9048": {
          "speed": 90
        },
        "9073": {
          "speed": 90
        },
        "9074": {
          "speed": 90
        },
        "9266": {
          "speed": 90
        },
        "9287": {
          "speed": 90
        },
        "9290": {
          "speed": 90
        },
        "9322": {
          "speed": 90
        },
        "9323": {
          "speed": 90
        },
        "9343": {
          "speed": 90
        },
        "9344": {
          "speed": 90
        },
        "9348": {
          "speed": 90
        },
        "9351": {
          "speed": 90
        },
        "9352": {
          "speed": 90
        },
        "9353": {
          "speed": 90
        },
        "9359": {
          "speed": 90
        },
        "9363": {
          "speed": 90
        },
        "9364": {
          "speed": 90
        },
        "9365": {
          "speed": 90
        },
        "9504": {
          "speed": 90
        },
        "9517": {
          "speed": 90
        },
        "9522": {
          "speed": 90
        },
        "9525": {
          "speed": 90
        },
        "9534": {
          "speed": 90
        },
        "9538": {
          "speed": 90
        },
        "9539": {
          "speed": 90
        },
        "9585": {
          "speed": 90
        },
        "9592": {
          "speed": 90
        },
        "9593": {
          "speed": 90
        },
        "9607": {
          "speed": 90
        },
        "9771": {
          "speed": 90
        },
        "9776": {
          "speed": 90
        },
        "9780": {
          "speed": 90
        },
        "9792": {
          "speed": 90
        },
        "98": {
          "speed": 90
        },
        "9805": {
          "speed": 90
        },
        "9806": {
          "speed": 90
        },
        "9810": {
          "speed": 90
        },
        "9811": {
          "speed": 90
        }
      }
    },
    "scenario": {
      "bycicle percentage": 0,
      "day type": [
        "weekday",
        "weekend"
      ],
      "evehicle percentage": 0,
      "time slots": [
        0,
        3
      ]
    },
    "user_id": "user"
  },
  "history": {},
  "original": {
    "mobility_model_input": {
      "grid": {},
      "road_network": {
        "10192": {
          "speed": 70
        },
        "10602": {
          "speed": 70
        },
        "10612": {
          "speed": 70
        },
        "10613": {
          "speed": 70
        },
        "10616": {
          "speed": 70
        },
        "10839": {
          "speed": 110
        },
        "10840": {
          "speed": 110
        },
        "10855": {
          "speed": 70
        },
        "10856": {
          "speed": 70
        },
        "10861": {
          "speed": 90
        },
        "10863": {
          "speed": 70
        },
        "10865": {
          "speed": 70
        },
        "10866": {
          "speed": 70
        },
        "10869": {
          "speed": 70
        },
        "10873": {
          "speed": 110
        },
        "10875": {
          "speed": 70
        },
        "10876": {
          "speed": 70
        },
        "10881": {
          "speed": 70
        },
        "10882": {
          "speed": 70
        },
        "10884": {
          "speed": 70
        },
        "10887": {
          "speed": 70
        },
        "10889": {
          "speed": 70
        },
        "10895": {
          "speed": 70
        },
        "10896": {
          "speed": 70
        },
        "10897": {
          "speed": 70
        },
        "1090": {
          "speed": 50
        },
        "10922": {
          "speed": 70
        },
        "10923": {
          "speed": 70
        },
        "10933": {
          "speed": 70
        },
        "10934": {
          "speed": 70
        },
        "10938": {
          "speed": 110
        },
        "10980": {
          "speed": 90
        },
        "11001": {
          "speed": 90
        },
        "11002": {
          "speed": 90
        },
        "11004": {
          "speed": 110
        },
        "11008": {
          "speed": 110
        },
        "1120": {
          "speed": 70
        },
        "11206": {
          "speed": 50
        },
        "1122": {
          "speed": 40
        },
        "11234": {
          "speed": 50
        },
        "11235": {
          "speed": 110
        },
        "11247": {
          "speed": 90
        },
        "11315": {
          "speed": 70
        },
        "11322": {
          "speed": 70
        },
        "11323": {
          "speed": 70
        },
        "1133": {
          "speed": 40
        },
        "1135": {
          "speed": 60
        },
        "1138": {
          "speed": 40
        },
        "11387": {
          "speed": 110
        },
        "1141": {
          "speed": 40
        },
        "11414": {
          "speed": 110
        },
        "1144": {
          "speed": 40
        },
        "1165": {
          "speed": 110
        },
        "1167": {
          "speed": 80
        },
        "1169": {
          "speed": 110
        },
        "1170": {
          "speed": 40
        },
        "1171": {
          "speed": 40
        },
        "1176": {
          "speed": 40
        },
        "1178": {
          "speed": 40
        },
        "1181": {
          "speed": 40
        },
        "1182": {
          "speed": 40
        },
        "1188": {
          "speed": 40
        },
        "1190": {
          "speed": 40
        },
        "1195": {
          "speed": 40
        },
        "1203": {
          "speed": 110
        },
        "1212": {
          "speed": 110
        },
        "12208": {
          "speed": 50
        },
        "12209": {
          "speed": 50
        },
        "12212": {
          "speed": 50
        },
        "12213": {
          "speed": 50
        },
        "12224": {
          "speed": 50
        },
        "12226": {
          "speed": 50
        },
        "12227": {
          "speed": 50
        },
        "12228": {
          "speed": 50
        },
        "12230": {
          "speed": 50
        },
        "12237": {
          "speed": 50
        },
        "12239": {
          "speed": 50
        },
        "12240": {
          "speed": 50
        },
        "12249": {
          "speed": 50
        },
        "12252": {
          "speed": 50
        },
        "12253": {
          "speed": 50
        },
        "12254": {
          "speed": 50
        },
        "12256": {
          "speed": 50
        },
        "123": {
          "speed": 110
        },
        "12920": {
          "speed": 50
        },
        "12922": {
          "speed": 50
        },
        "12923": {
          "speed": 50
        },
        "12925": {
          "speed": 50
        },
        "12926": {
          "speed": 50
        },
        "12928": {
          "speed": 50
        },
        "12929": {
          "speed": 50
        },
        "12932": {
          "speed": 70
        },
        "12934": {
          "speed": 60
        },
        "12981": {
          "speed": 50
        },
        "13083": {
          "speed": 50
        },
        "13085": {
          "speed": 50
        },
        "13089": {
          "speed": 50
        },
        "13090": {
          "speed": 50
        },
        "13091": {
          "speed": 50
        },
        "13093": {
          "speed": 50
        },
        "13094": {
          "speed": 50
        },
        "13100": {
          "speed": 50
        },
        "13101": {
          "speed": 50
        },
        "13104": {
          "speed": 50
        },
        "13105": {
          "speed": 50
        },
        "13139": {
          "speed": 50
        },
        "13140": {
          "speed": 50
        },
        "13145": {
          "speed": 50
        },
        "13147": {
          "speed": 50
        },
        "13148": {
          "speed": 50
        },
        "13149": {
          "speed": 50
        },
        "13176": {
          "speed": 50
        },
        "13177": {
          "speed": 50
        },
        "13184": {
          "speed": 50
        },
        "13185": {
          "speed": 50
        },
        "13186": {
          "speed": 60
        },
        "13187": {
          "speed": 60
        },
        "13190": {
          "speed": 60
        },
        "13191": {
          "speed": 60
        },
        "13192": {
          "speed": 50
        },
        "13193": {
          "speed": 60
        },
        "13195": {
          "speed": 50
        },
        "13196": {
          "speed": 50
        },
        "13197": {
          "speed": 50
        },
        "13198": {
          "speed": 50
        },
        "13199": {
          "speed": 50
        },
        "13400": {
          "speed": 50
        },
        "13406": {
          "speed": 50
        },
        "13414": {
          "speed": 50
        },
        "13417": {
          "speed": 50
        },
        "13418": {
          "speed": 50
        },
        "13454": {
          "speed": 50
        },
        "13455": {
          "speed": 50
        },
        "13457": {
          "speed": 50
        },
        "13458": {
          "speed": 50
        },
        "13463": {
          "speed": 50
        },
        "13487": {
          "speed": 50
        },
        "13491": {
          "speed": 50
        },
        "13492": {
          "speed": 50
        },
        "13493": {
          "speed": 50
        },
        "13513": {
          "speed": 50
        },
        "13514": {
          "speed": 50
        },
        "13515": {
          "speed": 50
        },
        "13517": {
          "speed": 50
        },
        "13564": {
          "speed": 50
        },
        "13566": {
          "speed": 50
        },
        "13568": {
          "speed": 50
        },
        "1406": {
          "speed": 110
        },
        "1409": {
          "speed": 110
        },
        "1410": {
          "speed": 110
        },
        "1411": {
          "speed": 110
        },
        "1412": {
          "speed": 110
        },
        "1437": {
          "speed": 110
        },
        "1438": {
          "speed": 110
        },
        "1439": {
          "speed": 110
        },
        "15298": {
          "speed": 50
        },
        "15301": {
          "speed": 50
        },
        "15385": {
          "speed": 50
        },
        "15388": {
          "speed": 50
        },
        "15389": {
          "speed": 50
        },
        "15396": {
          "speed": 50
        },
        "15399": {
          "speed": 50
        },
        "15408": {
          "speed": 50
        },
        "15409": {
          "speed": 50
        },
        "15418": {
          "speed": 50
        },
        "15419": {
          "speed": 50
        },
        "15456": {
          "speed": 50
        },
        "15466": {
          "speed": 50
        },
        "15467": {
          "speed": 50
        },
        "15468": {
          "speed": 50
        },
        "15471": {
          "speed": 50
        },
        "15473": {
          "speed": 50
        },
        "15475": {
          "speed": 50
        },
        "15476": {
          "speed": 50
        },
        "15477": {
          "speed": 50
        },
        "15479": {
          "speed": 50
        },
        "15628": {
          "speed": 60
        },
        "15630": {
          "speed": 60
        },
        "15631": {
          "speed": 60
        },
        "15632": {
          "speed": 60
        },
        "15675": {
          "speed": 60
        },
        "15677": {
          "speed": 60
        },
        "15678": {
          "speed": 60
        },
        "15679": {
          "speed": 60
        },
        "15681": {
          "speed": 60
        },
        "15694": {
          "speed": 60
        },
        "15698": {
          "speed": 60
        },
        "15699": {
          "speed": 60
        },
        "15701": {
          "speed": 60
        },
        "15705": {
          "speed": 90
        },
        "15707": {
          "speed": 90
        },
        "15711": {
          "speed": 60
        },
        "15713": {
          "speed": 60
        },
        "15715": {
          "speed": 60
        },
        "15717": {
          "speed": 60
        },
        "15718": {
          "speed": 60
        },
        "15723": {
          "speed": 60
        },
        "15724": {
          "speed": 60
        },
        "15725": {
          "speed": 60
        },
        "15726": {
          "speed": 60
        },
        "15731": {
          "speed": 60
        },
        "15732": {
          "speed": 60
        },
        "15762": {
          "speed": 50
        },
        "15763": {
          "speed": 60
        },
        "15765": {
          "speed": 60
        },
        "15767": {
          "speed": 50
        },
        "15768": {
          "speed": 50
        },
        "15772": {
          "speed": 50
        },
        "15773": {
          "speed": 50
        },
        "15830": {
          "speed": 60
        },
        "15832": {
          "speed": 90
        },
        "15846": {
          "speed": 60
        },
        "15850": {
          "speed": 60
        },
        "1603": {
          "speed": 110
        },
        "16080": {
          "speed": 60
        },
        "16540": {
          "speed": 90
        },
        "16545": {
          "speed": 90
        },
        "16575": {
          "speed": 90
        },
        "16677": {
          "speed": 90
        },
        "16698": {
          "speed": 90
        },
        "1670": {
          "speed": 110
        },
        "1671": {
          "speed": 110
        },
        "1672": {
          "speed": 110
        },
        "1673": {
          "speed": 110
        },
        "17300": {
          "speed": 70
        },
        "17307": {
          "speed": 90
        },
        "17308": {
          "speed": 80
        },
        "17551": {
          "speed": 50
        },
        "17552": {
          "speed": 50
        },
        "17553": {
          "speed": 50
        },
        "17555": {
          "speed": 50
        },
        "17558": {
          "speed": 70
        },
        "17564": {
          "speed": 50
        },
        "17567": {
          "speed": 50
        },
        "17568": {
          "speed": 50
        },
        "17582": {
          "speed": 70
        },
        "17584": {
          "speed": 70
        },
        "17594": {
          "speed": 70
        },
        "17595": {
          "speed": 70
        },
        "17753": {
          "speed": 60
        },
        "17754": {
          "speed": 60
        },
        "17759": {
          "speed": 60
        },
        "17760": {
          "speed": 60
        },
        "17762": {
          "speed": 60
        },
        "17763": {
          "speed": 110
        },
        "17764": {
          "speed": 60
        },
        "17766": {
          "speed": 60
        },
        "17767": {
          "speed": 60
        },
        "17769": {
          "speed": 110
        },
        "17770": {
          "speed": 60
        },
        "17773": {
          "speed": 60
        },
        "17774": {
          "speed": 60
        },
        "17840": {
          "speed": 60
        },
        "17841": {
          "speed": 60
        },
        "17846": {
          "speed": 60
        },
        "17848": {
          "speed": 60
        },
        "17851": {
          "speed": 60
        },
        "17852": {
          "speed": 60
        },
        "17857": {
          "speed": 60
        },
        "17858": {
          "speed": 60
        },
        "17972": {
          "speed": 90
        },
        "17974": {
          "speed": 90
        },
        "18043": {
          "speed": 70
        },
        "18044": {
          "speed": 80
        },
        "18068": {
          "speed": 70
        },
        "18069": {
          "speed": 90
        },
        "18088": {
          "speed": 80
        },
        "18089": {
          "speed": 90
        },
        "18095": {
          "speed": 70
        },
        "18116": {
          "speed": 90
        },
        "18161": {
          "speed": 90
        },
        "18162": {
          "speed": 110
        },
        "18164": {
          "speed": 50
        },
        "18165": {
          "speed": 50
        },
        "18167": {
          "speed": 110
        },
        "20143": {
          "speed": 90
        },
        "20148": {
          "speed": 90
        },
        "21085": {
          "speed": 60
        },
        "21090": {
          "speed": 60
        },
        "21116": {
          "speed": 50
        },
        "21118": {
          "speed": 50
        },
        "21119": {
          "speed": 50
        },
        "21120": {
          "speed": 60
        },
        "21174": {
          "speed": 50
        },
        "21175": {
          "speed": 50
        },
        "21194": {
          "speed": 50
        },
        "21275": {
          "speed": 50
        },
        "21276": {
          "speed": 50
        },
        "21278": {
          "speed": 50
        },
        "21280": {
          "speed": 50
        },
        "21285": {
          "speed": 60
        },
        "21446": {
          "speed": 50
        },
        "21448": {
          "speed": 50
        },
        "21459": {
          "speed": 50
        },
        "21460": {
          "speed": 60
        },
        "21470": {
          "speed": 60
        },
        "21471": {
          "speed": 60
        },
        "21476": {
          "speed": 50
        },
        "21477": {
          "speed": 50
        },
        "21517": {
          "speed": 50
        },
        "21519": {
          "speed": 50
        },
        "21520": {
          "speed": 50
        },
        "21527": {
          "speed": 50
        },
        "21528": {
          "speed": 50
        },
        "21531": {
          "speed": 50
        },
        "21532": {
          "speed": 50
        },
        "21673": {
          "speed": 50
        },
        "21674": {
          "speed": 50
        },
        "21678": {
          "speed": 50
        },
        "21679": {
          "speed": 50
        },
        "21680": {
          "speed": 50
        },
        "21681": {
          "speed": 50
        },
        "21688": {
          "speed": 50
        },
        "21690": {
          "speed": 50
        },
        "21691": {
          "speed": 50
        },
        "21694": {
          "speed": 50
        },
        "21695": {
          "speed": 50
        },
        "21696": {
          "speed": 50
        },
        "21697": {
          "speed": 50
        },
        "21816": {
          "speed": 50
        },
        "21817": {
          "speed": 50
        },
        "21818": {
          "speed": 50
        },
        "21821": {
          "speed": 50
        },
        "21822": {
          "speed": 50
        },
        "21824": {
          "speed": 50
        },
        "21830": {
          "speed": 50
        },
        "21838": {
          "speed": 50
        },
        "21844": {
          "speed": 50
        },
        "21845": {
          "speed": 50
        },
        "21846": {
          "speed": 50
        },
        "2259": {
          "speed": 90
        },
        "2262": {
          "speed": 50
        },
        "2313": {
          "speed": 90
        },
        "2321": {
          "speed": 90
        },
        "2345": {
          "speed": 90
        },
        "2388": {
          "speed": 90
        },
        "24667": {
          "speed": 50
        },
        "24679": {
          "speed": 50
        },
        "24680": {
          "speed": 50
        },
        "24681": {
          "speed": 50
        },
        "24719": {
          "speed": 50
        },
        "24721": {
          "speed": 50
        },
        "24723": {
          "speed": 50
        },
        "24724": {
          "speed": 50
        },
        "24725": {
          "speed": 50
        },
        "24726": {
          "speed": 50
        },
        "24729": {
          "speed": 50
        },
        "24730": {
          "speed": 50
        },
        "24798": {
          "speed": 50
        },
        "24801": {
          "speed": 50
        },
        "24814": {
          "speed": 50
        },
        "24815": {
          "speed": 50
        },
        "24816": {
          "speed": 50
        },
        "24817": {
          "speed": 50
        },
        "24819": {
          "speed": 50
        },
        "24820": {
          "speed": 50
        },
        "24821": {
          "speed": 50
        },
        "24824": {
          "speed": 50
        },
        "24826": {
          "speed": 50
        },
        "24827": {
          "speed": 50
        },
        "24828": {
          "speed": 50
        },
        "24838": {
          "speed": 50
        },
        "24839": {
          "speed": 50
        },
        "24840": {
          "speed": 50
        },
        "24841": {
          "speed": 50
        },
        "24844": {
          "speed": 50
        },
        "24845": {
          "speed": 50
        },
        "24846": {
          "speed": 50
        },
        "25347": {
          "speed": 50
        },
        "25348": {
          "speed": 50
        },
        "25382": {
          "speed": 50
        },
        "25383": {
          "speed": 50
        },
        "25386": {
          "speed": 50
        },
        "25401": {
          "speed": 50
        },
        "25406": {
          "speed": 50
        },
        "25411": {
          "speed": 50
        },
        "25413": {
          "speed": 50
        },
        "25414": {
          "speed": 50
        },
        "25417": {
          "speed": 50
        },
        "25420": {
          "speed": 50
        },
        "25422": {
          "speed": 50
        },
        "25517": {
          "speed": 50
        },
        "25518": {
          "speed": 50
        },
        "25521": {
          "speed": 50
        },
        "25522": {
          "speed": 50
        },
        "25530": {
          "speed": 50
        },
        "25531": {
          "speed": 50
        },
        "25545": {
          "speed": 50
        },
        "25551": {
          "speed": 50
        },
        "25558": {
          "speed": 50
        },
        "25560": {
          "speed": 50
        },
        "25711": {
          "speed": 50
        },
        "25712": {
          "speed": 50
        },
        "25723": {
          "speed": 50
        },
        "25724": {
          "speed": 50
        },
        "25727": {
          "speed": 50
        },
        "25728": {
          "speed": 50
        },
        "25730": {
          "speed": 50
        },
        "26684": {
          "speed": 50
        },
        "26685": {
          "speed": 50
        },
        "26688": {
          "speed": 50
        },
        "26700": {
          "speed": 50
        },
        "26702": {
          "speed": 50
        },
        "26719": {
          "speed": 50
        },
        "26720": {
          "speed": 50
        },
        "26805": {
          "speed": 50
        },
        "26809": {
          "speed": 50
        },
        "26811": {
          "speed": 50
        },
        "26813": {
          "speed": 50
        },
        "26815": {
          "speed": 50
        },
        "26816": {
          "speed": 50
        },
        "26821": {
          "speed": 50
        },
        "26822": {
          "speed": 50
        },
        "26827": {
          "speed": 50
        },
        "26833": {
          "speed": 50
        },
        "26851": {
          "speed": 50
        },
        "26853": {
          "speed": 50
        },
        "26854": {
          "speed": 50
        },
        "26858": {
          "speed": 50
        },
        "26860": {
          "speed": 50
        },
        "26864": {
          "speed": 50
        },
        "26919": {
          "speed": 50
        },
        "26922": {
          "speed": 50
        },
        "26924": {
          "speed": 50
        },
        "26926": {
          "speed": 50
        },
        "26938": {
          "speed": 50
        },
        "26939": {
          "speed": 50
        },
        "26940": {
          "speed": 50
        },
        "26941": {
          "speed": 50
        },
        "26947": {
          "speed": 50
        },
        "27110": {
          "speed": 50
        },
        "27123": {
          "speed": 50
        },
        "27126": {
          "speed": 50
        },
        "27127": {
          "speed": 50
        },
        "27128": {
          "speed": 50
        },
        "27155": {
          "speed": 50
        },
        "27159": {
          "speed": 50
        },
        "27160": {
          "speed": 50
        },
        "27161": {
          "speed": 50
        },
        "27163": {
          "speed": 50
        },
        "27180": {
          "speed": 50
        },
        "27184": {
          "speed": 50
        },
        "27186": {
          "speed": 50
        },
        "27227": {
          "speed": 50
        },
        "27234": {
          "speed": 50
        },
        "27236": {
          "speed": 50
        },
        "27261": {
          "speed": 50
        },
        "27288": {
          "speed": 50
        },
        "27289": {
          "speed": 50
        },
        "27290": {
          "speed": 50
        },
        "27294": {
          "speed": 50
        },
        "27296": {
          "speed": 50
        },
        "27742": {
          "speed": 60
        },
        "27744": {
          "speed": 50
        },
        "27745": {
          "speed": 60
        },
        "27758": {
          "speed": 60
        },
        "27759": {
          "speed": 60
        },
        "27762": {
          "speed": 60
        },
        "27763": {
          "speed": 60
        },
        "27837": {
          "speed": 60
        },
        "27840": {
          "speed": 60
        },
        "27845": {
          "speed": 60
        },
        "27846": {
          "speed": 60
        },
        "27873": {
          "speed": 60
        },
        "27874": {
          "speed": 60
        },
        "27875": {
          "speed": 60
        },
        "27876": {
          "speed": 60
        },
        "27878": {
          "speed": 60
        },
        "27880": {
          "speed": 60
        },
        "27881": {
          "speed": 60
        },
        "27888": {
          "speed": 60
        },
        "27890": {
          "speed": 60
        },
        "27893": {
          "speed": 60
        },
        "27894": {
          "speed": 60
        },
        "27895": {
          "speed": 60
        },
        "27899": {
          "speed": 60
        },
        "27917": {
          "speed": 60
        },
        "27918": {
          "speed": 60
        },
        "27928": {
          "speed": 60
        },
        "27929": {
          "speed": 60
        },
        "27976": {
          "speed": 60
        },
        "27978": {
          "speed": 60
        },
        "27979": {
          "speed": 60
        },
        "27991": {
          "speed": 60
        },
        "27992": {
          "speed": 60
        },
        "27993": {
          "speed": 60
        },
        "27999": {
          "speed": 50
        },
        "28000": {
          "speed": 50
        },
        "28002": {
          "speed": 60
        },
        "28003": {
          "speed": 50
        },
        "28004": {
          "speed": 50
        },
        "28005": {
          "speed": 50
        },
        "28006": {
          "speed": 60
        },
        "28008": {
          "speed": 60
        },
        "28020": {
          "speed": 60
        },
        "28021": {
          "speed": 50
        },
        "28024": {
          "speed": 60
        },
        "28026": {
          "speed": 50
        },
        "28027": {
          "speed": 50
        },
        "28509": {
          "speed": 90
        },
        "28510": {
          "speed": 90
        },
        "28511": {
          "speed": 110
        },
        "28604": {
          "speed": 50
        },
        "28609": {
          "speed": 50
        },
        "28610": {
          "speed": 50
        },
        "28611": {
          "speed": 50
        },
        "28613": {
          "speed": 50
        },
        "28614": {
          "speed": 50
        },
        "28617": {
          "speed": 50
        },
        "28621": {
          "speed": 50
        },
        "28624": {
          "speed": 50
        },
        "28625": {
          "speed": 50
        },
        "28626": {
          "speed": 50
        },
        "28634": {
          "speed": 50
        },
        "28636": {
          "speed": 50
        },
        "28637": {
          "speed": 50
        },
        "28642": {
          "speed": 50
        },
        "28644": {
          "speed": 50
        },
        "28648": {
          "speed": 50
        },
        "28649": {
          "speed": 50
        },
        "28847": {
          "speed": 110
        },
        "28848": {
          "speed": 90
        },
        "28868": {
          "speed": 110
        },
        "28981": {
          "speed": 90
        },
        "28982": {
          "speed": 90
        },
        "3616": {
          "speed": 110
        },
        "3647": {
          "speed": 110
        },
        "3648": {
          "speed": 110
        },
        "3900": {
          "speed": 110
        },
        "3908": {
          "speed": 110
        },
        "3911": {
          "speed": 110
        },
        "4008": {
          "speed": 110
        },
        "4009": {
          "speed": 110
        },
        "4408": {
          "speed": 50
        },
        "4409": {
          "speed": 50
        },
        "4418": {
          "speed": 70
        },
        "4422": {
          "speed": 40
        },
        "4431": {
          "speed": 40
        },
        "4434": {
          "speed": 40
        },
        "4460": {
          "speed": 40
        },
        "4462": {
          "speed": 40
        },
        "4475": {
          "speed": 40
        },
        "4545": {
          "speed": 50
        },
        "4549": {
          "speed": 40
        },
        "4559": {
          "speed": 50
        },
        "4561": {
          "speed": 50
        },
        "4577": {
          "speed": 50
        },
        "4578": {
          "speed": 50
        },
        "4581": {
          "speed": 50
        },
        "4587": {
          "speed": 50
        },
        "4590": {
          "speed": 60
        },
        "4598": {
          "speed": 40
        },
        "4605": {
          "speed": 50
        },
        "4741": {
          "speed": 40
        },
        "4745": {
          "speed": 50
        },
        "4749": {
          "speed": 50
        },
        "4751": {
          "speed": 50
        },
        "4757": {
          "speed": 50
        },
        "4759": {
          "speed": 50
        },
        "4764": {
          "speed": 50
        },
        "4766": {
          "speed": 50
        },
        "4767": {
          "speed": 50
        },
        "4821": {
          "speed": 50
        },
        "4823": {
          "speed": 70
        },
        "4832": {
          "speed": 50
        },
        "4835": {
          "speed": 50
        },
        "4837": {
          "speed": 50
        },
        "4846": {
          "speed": 50
        },
        "4899": {
          "speed": 70
        },
        "63": {
          "speed": 110
        },
        "64": {
          "speed": 110
        },
        "6505": {
          "speed": 110
        },
        "6507": {
          "speed": 90
        },
        "6509": {
          "speed": 110
        },
        "6518": {
          "speed": 110
        },
        "6519": {
          "speed": 110
        },
        "6520": {
          "speed": 110
        },
        "6766": {
          "speed": 110
        },
        "6774": {
          "speed": 80
        },
        "6800": {
          "speed": 80
        },
        "7004": {
          "speed": 70
        },
        "7006": {
          "speed": 70
        },
        "7007": {
          "speed": 70
        },
        "7008": {
          "speed": 70
        },
        "7009": {
          "speed": 70
        },
        "7013": {
          "speed": 70
        },
        "7016": {
          "speed": 70
        },
        "7017": {
          "speed": 70
        },
        "8613": {
          "speed": 110
        },
        "8614": {
          "speed": 110
        },
        "8835": {
          "speed": 110
        },
        "8836": {
          "speed": 110
        },
        "8922": {
          "speed": 70
        },
        "8923": {
          "speed": 70
        },
        "8944": {
          "speed": 110
        },
        "8948": {
          "speed": 110
        },
        "8949": {
          "speed": 110
        },
        "8955": {
          "speed": 110
        },
        "8966": {
          "speed": 110
        },
        "8976": {
          "speed": 70
        },
        "8978": {
          "speed": 110
        },
        "8983": {
          "speed": 70
        },
        "8984": {
          "speed": 70
        },
        "8987": {
          "speed": 110
        },
        "8991": {
          "speed": 70
        },
        "8995": {
          "speed": 70
        },
        "8996": {
          "speed": 70
        },
        "9015": {
          "speed": 110
        },
        "9018": {
          "speed": 110
        },
        "9020": {
          "speed": 70
        },
        "9022": {
          "speed": 70
        },
        "9026": {
          "speed": 70
        },
        "9028": {
          "speed": 70
        },
        "9034": {
          "speed": 110
        },
        "9046": {
          "speed": 110
        },
        "9047": {
          "speed": 110
        },
        "9048": {
          "speed": 70
        },
        "9073": {
          "speed": 110
        },
        "9074": {
          "speed": 110
        },
        "9266": {
          "speed": 110
        },
        "9287": {
          "speed": 110
        },
        "9290": {
          "speed": 110
        },
        "9322": {
          "speed": 110
        },
        "9323": {
          "speed": 110
        },
        "9343": {
          "speed": 60
        },
        "9344": {
          "speed": 70
        },
        "9348": {
          "speed": 70
        },
        "9351": {
          "speed": 70
        },
        "9352": {
          "speed": 60
        },
        "9353": {
          "speed": 60
        },
        "9359": {
          "speed": 60
        },
        "9363": {
          "speed": 60
        },
        "9364": {
          "speed": 70
        },
        "9365": {
          "speed": 70
        },
        "9504": {
          "speed": 70
        },
        "9517": {
          "speed": 70
        },
        "9522": {
          "speed": 70
        },
        "9525": {
          "speed": 70
        },
        "9534": {
          "speed": 70
        },
        "9538": {
          "speed": 70
        },
        "9539": {
          "speed": 70
        },
        "9585": {
          "speed": 70
        },
        "9592": {
          "speed": 70
        },
        "9593": {
          "speed": 70
        },
        "9607": {
          "speed": 60
        },
        "9771": {
          "speed": 60
        },
        "9776": {
          "speed": 60
        },
        "9780": {
          "speed": 60
        },
        "9792": {
          "speed": 70
        },
        "98": {
          "speed": 110
        },
        "9805": {
          "speed": 70
        },
        "9806": {
          "speed": 70
        },
        "9810": {
          "speed": 60
        },
        "9811": {
          "speed": 60
        }
      }
    }
  },
  "scenarioId": "copenhagen",
  "scenarioName": "Copenhagen"
}