{
  "changes": {
    "analysis_id": "analysis",
    "mobility_model_input": {
      "grid": {},
      "road_network": {}
    },
    "scenario": {
      "bycicle percentage": 0,
      "day type": [
        "weekday",
        "weekend"
      ],
      "evehicle percentage": 0,
      "time slots": [
        0,
        3
      ]
    },
    "user_id": "user"
  },
  "history": {},
  "original": {
    "mobility_model_input": {
      "grid": {},
      "road_network": {}
    }
  },
  "scenarioId": "copenhagen",
  "scenarioName": "Copenhagen"
}